metric,kind,dataset,snapshot,refit N134,logit lens,fit sd (boot),fit CI lo,fit CI hi,fit sd (halves),N/2 bias,|N32-N134|,|N64-N134|,|N96-N134|,|N112-N134|,eval sd,eval CI lo,eval CI hi,J-logit,J-logit eval CI lo,J-logit eval CI hi,fit sd / eval sd
inner pass@10,intermediate,multihop,0.27956989247311825,0.27956989247311825,0.27956989247311825,0.009310385160335223,0.25806451612903225,0.2903225806451613,0.007590875023413728,-0.004731182795698952,0.00824372759856631,0.008243727598566314,0.006810035842293903,0.007526881720430103,0.04705956212429936,0.1935483870967742,0.3763440860215054,0.0,-0.05376344086021506,0.053763440860215034,0.1978425794898711
inner pass@10,intermediate,multilingual,0.15654205607476634,0.15654205607476634,0.18457943925233644,0.004149116123716853,0.15186915887850466,0.1658878504672897,0.0052074239789798886,0.002686915887850444,0.004906542056074767,0.0036604361370716513,0.0037383177570093464,0.0029595015576323993,0.016998244421327923,0.12383177570093458,0.18925233644859812,-0.028037383177570097,-0.05607476635514019,-0.0023364485981308414,0.2440908614368965
inner pass@10,intermediate,order-ops,0.7090909090909091,0.7090909090909091,0.5818181818181818,0.022381749935602106,0.6725,0.7547727272727273,0.02173453352880211,0.0021818181818181737,0.03030303030303031,0.019393939393939394,0.012121212121212118,0.01030303030303031,0.04245998309881667,0.6272727272727273,0.7909090909090909,0.12727272727272732,0.027272727272727337,0.22727272727272718,0.5271257382159878
inner pass@10,intermediate,poetry,0.0,0.0,0.01020408163265306,0.0,0.0,0.0,0.0,0.0,0.001020408163265306,0.0,0.0,0.0,0.0,0.0,0.0,-0.01020408163265306,-0.030612244897959183,0.0,
inner pass@10,intermediate,association,0.049019607843137254,0.049019607843137254,0.0392156862745098,0.006879966568273722,0.029411764705882353,0.049019607843137254,0.007476945554643775,-0.008627450980392158,0.011764705882352943,0.008169934640522876,0.00522875816993464,0.004901960784313725,0.02167969339866502,0.00980392156862745,0.09803921568627451,0.00980392156862745,-0.0196078431372549,0.03921568627450981,0.31734611932737816
inner pass@10,intermediate,typo,0.40625,0.40625,0.3229166666666667,0.009132381969656034,0.3958333333333333,0.4270833333333333,0.013326970872484656,0.006562500000000027,0.019097222222222224,0.01180555555555556,0.0031250000000000036,0.0031250000000000036,0.050223127138890704,0.3125,0.5104166666666666,0.08333333333333331,0.0,0.16666666666666669,0.18183618762727932
inner pass@10,control,multihop,0.021739130434782608,0.021739130434782608,0.06884057971014493,3.478153231519548e-18,0.021739130434782608,0.021739130434782608,0.0,0.0,0.00036231884057971015,0.0,0.0,0.0,0.01563242993845539,0.0,0.05434782608695652,-0.04710144927536232,-0.10144927536231885,0.0,2.2249600639267077e-16
inner pass@10,control,multilingual,0.009345794392523364,0.009345794392523364,0.0397196261682243,0.0030520041021684257,0.007009345794392523,0.018691588785046728,0.0035681256537001276,0.00116043613707165,0.003452751817237799,0.0022845275181723784,0.0017133956386292833,0.0014018691588785046,0.004540150539710993,0.002336448598130841,0.018691588785046728,-0.03037383177570093,-0.0514018691588785,-0.009345794392523366,0.6722253095957262
inner pass@10,control,order-ops,0.47,0.47,0.49,0.021595644451983424,0.41,0.5,0.024740283600902017,-0.016999999999999904,0.03633333333333332,0.022999999999999982,0.019999999999999987,0.018666666666666647,0.061944009437172994,0.35,0.59,-0.020000000000000018,-0.18000000000000005,0.12999999999999995,0.34863168606944805
inner pass@10,control,poetry,0.0,0.0,0.01020408163265306,0.0,0.0,0.0,0.0,0.0,0.0006802721088435374,0.0,0.0,0.0,0.0,0.0,0.0,-0.01020408163265306,-0.030612244897959183,0.0,
inner pass@10,control,association,0.00980392156862745,0.00980392156862745,0.0,0.0013864838846795048,0.00980392156862745,0.00980392156862745,0.001703855050503703,-0.0003921568627451022,0.0022875816993464053,0.000980392156862745,0.000326797385620915,0.0,0.010028711864250786,0.0,0.029411764705882353,0.00980392156862745,0.0,0.029411764705882353,0.13825144280212948
inner pass@10,control,typo,0.0,0.0,0.020833333333333332,0.0,0.0,0.0,0.0,0.0,0.0,0.0,0.0,0.0,0.0,0.0,0.0,-0.020833333333333332,-0.052083333333333336,0.0,
inner pass@10,target,multihop,0.3870967741935484,0.3870967741935484,0.5053763440860215,0.006465781168233969,0.3870967741935484,0.40860215053763443,0.005052806206881268,0.006021505376344272,0.011469534050179218,0.006093189964157702,0.0035842293906810005,0.0035842293906810005,0.05121705613477506,0.2903225806451613,0.4946236559139785,-0.11827956989247312,-0.2043010752688172,-0.032258064516129004,0.12624273349916085
inner pass@10,target,multilingual,0.17757009345794392,0.17757009345794392,0.21495327102803738,0.007431295388519076,0.1588785046728972,0.18691588785046728,0.008509712138839763,-0.0023364485981308414,0.008411214953271028,0.00809968847352025,0.004361370716510904,0.004361370716510904,0.036508522543010666,0.11214953271028037,0.2523364485981308,-0.03738317757009346,-0.10280373831775699,0.02803738317757007,0.20354960625328708
inner pass@10,target,order-ops,0.6909090909090909,0.6909090909090909,0.8363636363636363,0.011867451852538537,0.6545454545454545,0.6913636363636365,0.012376562052695547,-0.007090909090909148,0.018181818181818188,0.012121212121212125,0.011515151515151518,0.012121212121212125,0.061964535713104424,0.5636363636363636,0.8181818181818182,-0.1454545454545454,-0.25454545454545463,-0.036363636363636265,0.19152006411352449
inner pass@1,intermediate,multihop,0.06451612903225806,0.06451612903225806,0.07526881720430108,0.0029244514660325877,0.053763440860215055,0.06451612903225806,0.0026248859432619134,-0.0012903225806451812,0.0017921146953405018,0.0010752688172043009,0.00035842293906810025,0.0,0.025308525046851573,0.021505376344086023,0.11827956989247312,-0.010752688172043015,-0.05376344086021506,0.03225806451612904,0.11555203081249474
inner pass@1,intermediate,multilingual,0.04439252336448598,0.04439252336448598,0.06074766355140187,0.0022746970429380633,0.0397196261682243,0.04672897196261682,0.003312655747877038,-0.001308411214953266,0.004750778816199378,0.002180685358255452,0.0020249221183800624,0.0014797507788161996,0.009298068120701209,0.028037383177570093,0.0630841121495327,-0.01635514018691589,-0.03271028037383177,-0.0023364485981308414,0.24464189909231576
inner pass@1,intermediate,order-ops,0.08181818181818182,0.08181818181818182,0.09090909090909091,0.003356028337373541,0.08181818181818182,0.09090909090909091,0.0037460272991833663,0.002545454545454545,0.012121212121212123,0.003636363636363637,0.00030303030303030314,0.0,0.025112923867504296,0.03636363636363636,0.13636363636363635,-0.009090909090909094,-0.06363636363636363,0.04545454545454544,0.13363749896586855
inner pass@1,intermediate,poetry,0.0,0.0,0.0,0.0,0.0,0.0,0.0,0.0,0.0,0.0,0.0,0.0,0.0,0.0,0.0,0.0,0.0,0.0,
inner pass@1,intermediate,association,0.0196078431372549,0.0196078431372549,0.00980392156862745,0.005383304120464178,0.009558823529411769,0.0196078431372549,0.00551490040117568,-0.006176470588235297,0.006862745098039216,0.005882352941176469,0.0035947712418300647,0.0039215686274509795,0.01416212812730413,0.0,0.049019607843137254,0.00980392156862745,-0.0196078431372549,0.049019607843137254,0.38011971591228155
inner pass@1,intermediate,typo,0.19791666666666666,0.19791666666666666,0.10416666666666667,0.00939852575844535,0.17708333333333334,0.20833333333333334,0.00911268505499694,-0.007499999999999951,0.012847222222222222,0.01006944444444444,0.009027777777777772,0.004166666666666664,0.04060370004834486,0.125,0.28125,0.09374999999999999,0.03125,0.15625,0.23146968742392884
inner pass@1,control,multihop,0.0,0.0,0.0,0.0,0.0,0.0,0.0,0.0,0.0,0.0,0.0,0.0,0.0,0.0,0.0,0.0,0.0,0.0,
inner pass@1,control,multilingual,0.002336448598130841,0.002336448598130841,0.004672897196261682,0.0,0.002336448598130841,0.002336448598130841,0.0,0.0,0.00015576323987538941,0.0,0.0,0.0,0.0023935952415567213,0.0,0.007009345794392523,-0.002336448598130841,-0.011682242990654205,0.004672897196261683,0.0
inner pass@1,control,order-ops,0.04,0.04,0.04,0.01030733748502254,0.02,0.05,0.011134154110443328,-0.0076999999999999985,0.012000000000000004,0.012333333333333337,0.009666666666666667,0.006666666666666667,0.018983658489469896,0.01,0.08,0.0,-0.04,0.04,0.5429584339994289
inner pass@1,control,poetry,0.0,0.0,0.0,0.0,0.0,0.0,0.0,0.0,0.0,0.0,0.0,0.0,0.0,0.0,0.0,0.0,0.0,0.0,
inner pass@1,control,association,0.0,0.0,0.0,0.0,0.0,0.0,0.0,0.0,0.0,0.0,0.0,0.0,0.0,0.0,0.0,0.0,0.0,0.0,
inner pass@1,control,typo,0.0,0.0,0.0,0.0,0.0,0.0,0.0,0.0,0.0,0.0,0.0,0.0,0.0,0.0,0.0,0.0,0.0,0.0,
inner pass@1,target,multihop,0.13978494623655913,0.13978494623655913,0.17204301075268819,0.00512431370117608,0.12903225806451613,0.13978494623655913,0.004729586580135373,-0.004086021505376375,0.0039426523297491,0.005017921146953401,0.0039426523297491,0.0035842293906810005,0.03606325339402357,0.07526881720430108,0.21505376344086022,-0.03225806451612906,-0.07526881720430109,0.010752688172043015,0.14209238543146208
inner pass@1,target,multilingual,0.056074766355140186,0.056074766355140186,0.056074766355140186,0.004903438109517916,0.04672897196261682,0.05630841121495332,0.0041463818833830535,-0.00289719626168225,0.004049844236760125,0.0028037383177570096,0.0034267912772585674,0.0034267912772585674,0.021355110749284707,0.018691588785046728,0.102803738317757,0.0,-0.037383177570093455,0.037383177570093455,0.22961426738010043
inner pass@1,target,order-ops,0.05454545454545454,0.05454545454545454,0.07272727272727272,6.956306463039096e-18,0.05454545454545454,0.05454545454545454,0.0,1.3877787807814457e-17,0.0024242424242424242,0.0,0.0,0.0,0.030790637709021865,0.0,0.12727272727272726,-0.01818181818181818,-0.10909090909090909,0.07272727272727272,2.2592277980007057e-16
inner pass@100,intermediate,multihop,0.5788530465949822,0.5788530465949822,0.5967741935483871,0.02673862480124407,0.546594982078853,0.6417114695340501,0.024779880000493262,0.005394265232974704,0.038052568697729966,0.02491039426523298,0.018279569892473136,0.019115890083632032,0.0505454709131062,0.4784498207885305,0.6720430107526881,-0.017921146953404965,-0.09677419354838712,0.06451612903225801,0.5290013985073165
inner pass@100,intermediate,multilingual,0.29906542056074764,0.29906542056074764,0.411214953271028,0.009569597573507284,0.2897196261682243,0.327161214953271,0.008712862271323766,0.007406542056074772,0.014174454828660449,0.008956386292834902,0.0059190031152648115,0.005607476635514025,0.020098910885814704,0.25934579439252337,0.3388434579439249,-0.11214953271028039,-0.15654205607476634,-0.07009345794392524,0.4761251805072314
inner pass@100,intermediate,order-ops,1.0,1.0,0.9818181818181818,0.0,1.0,1.0,0.0,0.0,0.0,0.0,0.0,0.0,0.0,1.0,1.0,0.018181818181818188,0.0,0.045454545454545414,
inner pass@100,intermediate,poetry,0.25510204081632654,0.25510204081632654,0.21428571428571427,0.015168854274614117,0.21428571428571427,0.2653061224489796,0.01449283130738682,-0.01908163265306126,0.032993197278911576,0.023469387755102048,0.01734693877551021,0.011904761904761911,0.04321368498628503,0.17346938775510204,0.3369897959183659,0.04081632653061226,-0.05102040816326531,0.1326530612244898,0.35101968923567484
inner pass@100,intermediate,association,0.16666666666666666,0.16666666666666666,0.13725490196078433,0.01106353039470848,0.16666666666666666,0.20588235294117646,0.010499999159327563,0.012647058823529428,0.020588235294117654,0.014379084967320273,0.010130718954248377,0.008823529411764714,0.0366014268803781,0.09803921568627451,0.23529411764705882,0.02941176470588233,-0.02941176470588236,0.08823529411764705,0.30227046696476195
inner pass@100,intermediate,typo,0.7291666666666666,0.7291666666666666,0.7083333333333334,0.007186593387095595,0.71875,0.7398437500000001,0.010848306143056133,-0.00010416666666668295,0.018055555555555547,0.010416666666666675,0.00208333333333333,0.000347222222222221,0.04588109630813891,0.6354166666666666,0.8125,0.02083333333333326,-0.08333333333333326,0.125,0.1566351714621247
inner pass@100,control,multihop,0.1884057971014493,0.1884057971014493,0.22644927536231887,0.0204194887549878,0.15579710144927536,0.23201992753623193,0.018906515002928444,0.0026086956521738924,0.020471014492753604,0.012801932367149755,0.011714975845410624,0.011594202898550727,0.039352441483859926,0.11770833333333332,0.2681159420289855,-0.03804347826086957,-0.09782608695652173,0.016304347826086973,0.5188874688591477
inner pass@100,control,multilingual,0.11760124610591899,0.11760124610591899,0.22819314641744545,0.015004175969270771,0.08956386292834889,0.14491822429906542,0.016822849331806257,-0.002523364485981297,0.018380062305295947,0.016458982346832813,0.010539979231568016,0.008333333333333337,0.018376105556866907,0.08411214953271028,0.15654205607476634,-0.11059190031152646,-0.15342679127725858,-0.06384345794392535,0.8165046681321391
inner pass@100,control,order-ops,0.99,0.99,0.98,0.0,0.99,0.99,0.0,-1.1102230246251565e-16,0.0013333333333333346,0.0,0.0,0.0,0.009700300145431372,0.97,1.0,0.010000000000000009,-0.020000000000000018,0.040000000000000036,0.0
inner pass@100,control,poetry,0.15306122448979592,0.15306122448979592,0.1836734693877551,0.016696342416206534,0.1326530612244898,0.19387755102040816,0.015882190118954344,0.007857142857142868,0.015646258503401362,0.014965986394557821,0.014285714285714287,0.013945578231292515,0.03654106546931057,0.09183673469387756,0.23469387755102042,-0.03061224489795919,-0.11224489795918367,0.06122448979591835,0.45691996666679435
inner pass@100,control,association,0.09803921568627451,0.09803921568627451,0.0392156862745098,0.010530633617503655,0.0784313725490196,0.10808823529411771,0.009514021168590141,-0.002843137254901984,0.011437908496732025,0.00784313725490196,0.0062091503267973835,0.0029411764705882344,0.028363366787873448,0.049019607843137254,0.1568627450980392,0.058823529411764705,0.0,0.12745098039215685,0.3712758677861174
inner pass@100,control,typo,0.041666666666666664,0.041666666666666664,0.08333333333333333,0.005592266644588438,0.03125,0.041666666666666664,0.005650844507752239,-0.003541666666666665,0.007638888888888888,0.0065972222222222205,0.003124999999999999,0.0010416666666666664,0.020922395921675163,0.010416666666666666,0.09375,-0.041666666666666664,-0.09401041666666665,0.010416666666666671,0.2672861495176548
inner pass@100,target,multihop,0.9032258064516129,0.9032258064516129,0.8602150537634409,0.02700253824449952,0.8387096774193549,0.935752688172043,0.026892909674806002,-0.014731182795699072,0.032974910394265214,0.021863799283154108,0.021505376344086002,0.0168458781362007,0.03151879068903766,0.8387096774193549,0.956989247311828,0.043010752688172005,-0.010752688172043001,0.09677419354838712,0.8567123818583273
inner pass@100,target,multilingual,0.5794392523364486,0.5794392523364486,0.5514018691588785,0.012219954932787307,0.5514018691588785,0.5981308411214953,0.0141864839106207,-0.0042056074766355644,0.020560747663551406,0.017133956386292837,0.01090342679127726,0.005607476635514019,0.048528339710898254,0.48598130841121495,0.6635514018691588,0.028037383177570097,-0.05607476635514019,0.11214953271028033,0.25181069464948147
inner pass@100,target,order-ops,1.0,1.0,1.0,0.0,1.0,1.0,0.0,0.0,0.0,0.0,0.0,0.0,0.0,1.0,1.0,0.0,0.0,0.0,
mean log10 inner rank,intermediate,multihop,1.6645870970377352,1.6646534619538473,1.6629693543343713,0.01685852845782402,1.6319873000881393,1.6977551533163768,0.01711244034017404,0.00035294483986603176,0.029488102193335773,0.010995113321089467,0.009071386189850565,0.007103141738543369,0.09659704565768781,1.4656652981302083,1.851431147923836,0.0016177427033639002,-0.06548181900960948,0.07081751041208713,0.17452426565472615
mean log10 inner rank,intermediate,multilingual,2.3068416664439355,2.306731090709614,2.140766283510008,0.017973941007168447,2.2739783122292,2.344611021896468,0.019252079487578663,-0.0013991242854132224,0.02715248372714593,0.015085951104481706,0.01073605835072855,0.007047789794162584,0.05046001866928288,2.2061338115863354,2.4063726225623863,0.16607538293392743,0.11147140344023591,0.22190433792419345,0.3562016321272179
mean log10 inner rank,intermediate,order-ops,0.7904003645964423,0.7904003645964423,0.9207120056521471,0.013220347039047793,0.7617435281834407,0.8139694654221171,0.013146142310908942,-0.0017866818643307303,0.019764254910296448,0.013916798868357916,0.007349105923290104,0.006246681323748411,0.036804666774804096,0.7180539526196599,0.8637930972799518,-0.1303116410557048,-0.19809126795869417,-0.06299864854290582,0.3592030086819924
mean log10 inner rank,intermediate,poetry,2.4722971707595525,2.472091610626717,2.4440193565939943,0.015002177767377636,2.4438659398478353,2.500321330965495,0.01767519498900277,-0.0007935997372578996,0.019230197916570057,0.014629396882484139,0.008422239232233878,0.006072515057180465,0.0569259341359555,2.3595493689515754,2.5901105496971324,0.02827781416555819,-0.06627264935649893,0.12571639262415774,0.26353854346154637
mean log10 inner rank,intermediate,association,2.534468349796807,2.5343443211735592,2.6769524155304207,0.01377503516569612,2.5095231669444775,2.5633838118738455,0.015065248044207502,0.0023846566895757704,0.022293132888677337,0.015070222020004772,0.009770358977823745,0.0062389616451237195,0.07331580552950018,2.3816676281901,2.665574689470471,-0.14248406573361372,-0.22509875285934364,-0.06756295185604712,0.18788629636147747
mean log10 inner rank,intermediate,typo,1.2734681131731609,1.273688631801031,1.4208758298781448,0.011922513144276203,1.2550373725499062,1.2994505374374137,0.0200272313644128,0.004277855367438077,0.02821872286170559,0.017651705202796877,0.009235682554002644,0.00705545203822026,0.09983815274925138,1.0710949983294082,1.462263015774994,-0.14740771670498387,-0.2696409513304131,-0.027042477206135816,0.1194184068511384
mean log10 inner rank,control,multihop,2.665005606216426,2.6648718189093157,2.70393181496177,0.02187113151142135,2.622618500152178,2.7103091947139943,0.02631252689867775,0.001780556472134709,0.030216353236292178,0.01731471305031677,0.01170050640316885,0.007746560568246726,0.08179582886640435,2.5066220555613765,2.820420210951394,-0.03892620874534414,-0.14377264292040934,0.05984290492836454,0.2673868804134631
mean log10 inner rank,control,multilingual,2.7606436119911457,2.760523829998088,2.6279012273048736,0.025589697049020414,2.709122300205262,2.8063249280211506,0.027114180388424405,0.0005489441002586304,0.03563121976451735,0.02478728689634093,0.013143669005808463,0.00867279472230645,0.038582438003021934,2.6839664710045024,2.8342687239368463,0.13274238468627209,0.0658114111398925,0.19626488171155834,0.6632472796824328
mean log10 inner rank,control,order-ops,1.0026503805957803,1.0026718272804462,1.0501358723966465,0.013946948209538935,0.9748782302341759,1.0268737577890417,0.01650084464006803,0.001517040052604779,0.021646530257760938,0.011443276002065576,0.00965993324649806,0.007821174915771981,0.049574445469182445,0.905167025399013,1.0964016551229168,-0.04748549180086625,-0.1538388367482242,0.05668989359029488,0.2813334184082592
mean log10 inner rank,control,poetry,2.5821840459226175,2.58228880177067,2.5570687224325903,0.01842197932944122,2.5496300448424933,2.6187920447508017,0.022224054163234995,0.0011072083419629841,0.02588240630111442,0.017125296854616855,0.010310732010009966,0.008072996638876572,0.05413450913274002,2.476419402025146,2.6905260540995215,0.025115323490027208,-0.08224155555373305,0.12758722758552551,0.34030010846260333
mean log10 inner rank,control,association,2.8836332256584947,2.8835983103066556,3.06902677003871,0.01711158969499317,2.8507775317494413,2.9147384020861167,0.01730080916461477,-0.0019370908580813584,0.02395480788078473,0.01468072870230232,0.010876212195243307,0.0071039054160726865,0.062917247198595,2.75867292952201,3.0054083407682812,-0.1853935443802155,-0.28050304512347773,-0.08464557809260267,0.27196977707847475
mean log10 inner rank,control,typo,3.0922176353007784,3.092271426455292,2.809850257241687,0.013730704912030612,3.0626401527485445,3.116134700765388,0.0213856160580777,-0.003153514855003703,0.030033001978585952,0.021066743178183068,0.011789262293498496,0.00808167306776073,0.0535001094786285,2.9822585642321626,3.1909918912062705,0.2823673780590914,0.17021533127134408,0.39214964556347087,0.25664816475778557
mean log10 inner rank,target,multihop,1.1298494890018116,1.1298615713711357,1.0320653747862405,0.01700577155038899,1.1020776485646302,1.1673477957719118,0.01774420258061813,0.009468013576176881,0.027892375121487605,0.013595722789946496,0.01307678892735722,0.009293943941353862,0.07015733116762599,0.9934388755845255,1.2685822590308435,0.0977841142155711,0.020942722751349903,0.17931536481715868,0.24239478992947044
mean log10 inner rank,target,multilingual,1.8527672039605656,1.8527853160780625,1.847486841115089,0.01611858833307869,1.8184409122607113,1.8783666217083312,0.020969958623669606,-0.0017392357232692834,0.03361878866289335,0.01998488879432019,0.010864471321436553,0.008304725123105856,0.08449064240467488,1.6857888751210603,2.020895128435207,0.005280362845476505,-0.10743241375638736,0.128506075783468,0.19077365107342165
mean log10 inner rank,target,order-ops,0.8693593460755072,0.8705765604324277,0.673757727907282,0.0068979408020057665,0.8544725735006999,0.8804711066850157,0.008959371280943443,-0.0033630220283673573,0.015847834280941112,0.007632256089428802,0.005985755601771344,0.0039477027890300834,0.04883694152495987,0.7730711442143195,0.9637401519026695,0.1956016181682253,0.10856106603306835,0.28698184015167405,0.14124432420650926
